"feature_name","feature_level","module","definition","unit","required_inputs","temporal_direction","generated_by","notes"
"T2M","Level 1 raw weather","raw_weather","Daily mean 2 m air temperature.","degree C","weather download or user-supplied weather","daily observation","download functions or local weather input",""
"T2M_MAX","Level 1 raw weather","raw_weather","Daily maximum 2 m air temperature.","degree C","weather download or user-supplied weather","daily observation","download functions or local weather input",""
"T2M_MIN","Level 1 raw weather","raw_weather","Daily minimum 2 m air temperature.","degree C","weather download or user-supplied weather","daily observation","download functions or local weather input",""
"T2MDEW","Level 1 raw weather","raw_weather","Daily mean 2 m dew point temperature.","degree C","weather download or user-supplied weather","daily observation","download functions or local weather input",""
"PRECTOTCORR","Level 1 raw weather","raw_weather","Daily corrected precipitation total.","mm day-1","weather download or user-supplied weather","daily observation","download functions or local weather input",""
"RH2M","Level 1 raw weather","raw_weather","Daily mean 2 m relative humidity.","%","weather download or user-supplied weather","daily observation","download functions or local weather input",""
"WS2M","Level 1 raw weather","raw_weather","Daily mean wind speed, stored under UFEED compatibility name WS2M.","m s-1","weather download or user-supplied weather","daily observation","download functions or local weather input",""
"WD2M","Level 1 raw weather","raw_weather","Daily mean meteorological wind direction (0 = North, 90 = East, 180 = South, 270 = West).","degrees","weather download or user-supplied weather","daily observation","download functions or local weather input","Source depends on weather_data_source: NASA POWER for power; Open-Meteo dominant direction with POWER fallback for power_open_meteo; ERA5-Land daily mean 10 m U/V-derived direction for power_ee."
"WS2M_MAX","Level 1 raw weather","raw_weather","Daily maximum wind speed, stored under UFEED compatibility name WS2M_MAX.","m s-1","weather download or user-supplied weather","daily observation","download functions or local weather input",""
"WS2M_MIN","Level 1 raw weather","raw_weather","Daily minimum wind speed, stored under UFEED compatibility name WS2M_MIN.","m s-1","weather download or user-supplied weather","daily observation","download functions or local weather input",""
"PS","Level 1 raw weather","raw_weather","Daily surface pressure; Open-Meteo hPa/mbar values are converted to kPa.","kPa","weather download or user-supplied weather","daily observation","download functions or local weather input",""
"ALLSKY_SFC_SW_DWN","Level 1 raw weather","raw_weather","Daily all-sky surface shortwave radiation downward.","MJ m-2 day-1","weather download or user-supplied weather","daily observation","download functions or local weather input",""
"ALLSKY_SFC_LW_DWN","Level 1 raw weather","raw_weather","Daily all-sky surface longwave radiation downward.","source dependent","weather download or user-supplied weather","daily observation","download functions or local weather input",""
"ALLSKY_SFC_PAR_TOT","Level 1 raw weather","raw_weather","Daily all-sky photosynthetically active radiation total.","source dependent","weather download or user-supplied weather","daily observation","download functions or local weather input",""
"GWETROOT","Level 1 raw weather","raw_weather","Root-zone/deeper soil wetness proxy from the selected weather source.","dimensionless/source dependent","weather download or user-supplied weather","daily observation","download functions or local weather input",""
"GWETTOP","Level 1 raw weather","raw_weather","Topsoil wetness proxy from the selected weather source.","dimensionless/source dependent","weather download or user-supplied weather","daily observation","download functions or local weather input",""
"TSOIL1","Level 1 raw weather","raw_weather","Near-surface soil temperature proxy.","degree C","weather download or user-supplied weather","daily observation","download functions or local weather input",""
"TSOIL3","Level 1 raw weather","raw_weather","Deeper soil temperature proxy.","degree C","weather download or user-supplied weather","daily observation","download functions or local weather input",""
"EVPTRNS","Level 1 raw weather","raw_weather","Evapotranspiration/land evaporation compatibility variable; NASA POWER uses EVLAND and Open-Meteo uses et0_fao_evapotranspiration_sum.","mm day-1/source dependent","weather download or user-supplied weather","daily observation","download functions or local weather input",""
"CLOUD_AMT","Level 1 raw weather","raw_weather","Daily cloud amount.","%","weather download or user-supplied weather","daily observation","download functions or local weather input",""
"bdod_<depth>","Level 1 raw soil","raw_soil","Bulk density of fine earth.","cg cm-3 raw SoilGrids scale","lon, lat","static","UFEED_get_soil_features","Depths: 0_5cm, 5_15cm, 15_30cm, 30_60cm, 60_100cm, 100_200cm. Hyphens are cleaned to underscores in output column names. Units/scaling should be audited before hydraulic derivations."
"cec_<depth>","Level 1 raw soil","raw_soil","Cation exchange capacity.","mmol(c) kg-1 raw SoilGrids scale","lon, lat","static","UFEED_get_soil_features","Depths: 0_5cm, 5_15cm, 15_30cm, 30_60cm, 60_100cm, 100_200cm. Hyphens are cleaned to underscores in output column names. Units/scaling should be audited before hydraulic derivations."
"cfvo_<depth>","Level 1 raw soil","raw_soil","Coarse fragments volumetric content.","cm3 dm-3 raw SoilGrids scale","lon, lat","static","UFEED_get_soil_features","Depths: 0_5cm, 5_15cm, 15_30cm, 30_60cm, 60_100cm, 100_200cm. Hyphens are cleaned to underscores in output column names. Units/scaling should be audited before hydraulic derivations."
"clay_<depth>","Level 1 raw soil","raw_soil","Clay content.","g kg-1 raw SoilGrids scale","lon, lat","static","UFEED_get_soil_features","Depths: 0_5cm, 5_15cm, 15_30cm, 30_60cm, 60_100cm, 100_200cm. Hyphens are cleaned to underscores in output column names. Units/scaling should be audited before hydraulic derivations."
"nitrogen_<depth>","Level 1 raw soil","raw_soil","Total nitrogen.","cg kg-1 raw SoilGrids scale","lon, lat","static","UFEED_get_soil_features","Depths: 0_5cm, 5_15cm, 15_30cm, 30_60cm, 60_100cm, 100_200cm. Hyphens are cleaned to underscores in output column names. Units/scaling should be audited before hydraulic derivations."
"ocd_<depth>","Level 1 raw soil","raw_soil","Organic carbon density.","dg dm-3 raw SoilGrids scale","lon, lat","static","UFEED_get_soil_features","Depths: 0_5cm, 5_15cm, 15_30cm, 30_60cm, 60_100cm, 100_200cm. Hyphens are cleaned to underscores in output column names. Units/scaling should be audited before hydraulic derivations."
"phh2o_<depth>","Level 1 raw soil","raw_soil","Soil pH in water.","pH x 10 raw SoilGrids scale","lon, lat","static","UFEED_get_soil_features","Depths: 0_5cm, 5_15cm, 15_30cm, 30_60cm, 60_100cm, 100_200cm. Hyphens are cleaned to underscores in output column names. Units/scaling should be audited before hydraulic derivations."
"sand_<depth>","Level 1 raw soil","raw_soil","Sand content.","g kg-1 raw SoilGrids scale","lon, lat","static","UFEED_get_soil_features","Depths: 0_5cm, 5_15cm, 15_30cm, 30_60cm, 60_100cm, 100_200cm. Hyphens are cleaned to underscores in output column names. Units/scaling should be audited before hydraulic derivations."
"silt_<depth>","Level 1 raw soil","raw_soil","Silt content.","g kg-1 raw SoilGrids scale","lon, lat","static","UFEED_get_soil_features","Depths: 0_5cm, 5_15cm, 15_30cm, 30_60cm, 60_100cm, 100_200cm. Hyphens are cleaned to underscores in output column names. Units/scaling should be audited before hydraulic derivations."
"soc_<depth>","Level 1 raw soil","raw_soil","Soil organic carbon.","dg kg-1 raw SoilGrids scale","lon, lat","static","UFEED_get_soil_features","Depths: 0_5cm, 5_15cm, 15_30cm, 30_60cm, 60_100cm, 100_200cm. Hyphens are cleaned to underscores in output column names. Units/scaling should be audited before hydraulic derivations."
"ocs_<depth>","Level 1 raw soil","raw_soil","Soil organic carbon stock.","t ha-1 raw SoilGrids scale","lon, lat","static","UFEED_get_soil_features","Depths: 0_30cm. Hyphens are cleaned to underscores in output column names. Units/scaling should be audited before hydraulic derivations."
"wv0010_<depth>","Level 1 raw soil","raw_soil","Volumetric soil water content at 10 kPa suction.","10^-2 cm3 cm-3 raw SoilGrids scale","lon, lat","static","UFEED_get_soil_features","Depths: 0_5cm, 5_15cm, 15_30cm, 30_60cm, 60_100cm, 100_200cm. Hyphens are cleaned to underscores in output column names. Units/scaling should be audited before hydraulic derivations."
"wv0033_<depth>","Level 1 raw soil","raw_soil","Volumetric soil water content at 33 kPa suction.","10^-2 cm3 cm-3 raw SoilGrids scale","lon, lat","static","UFEED_get_soil_features","Depths: 0_5cm, 5_15cm, 15_30cm, 30_60cm, 60_100cm, 100_200cm. Hyphens are cleaned to underscores in output column names. Units/scaling should be audited before hydraulic derivations."
"wv1500_<depth>","Level 1 raw soil","raw_soil","Volumetric soil water content at 1500 kPa suction.","10^-2 cm3 cm-3 raw SoilGrids scale","lon, lat","static","UFEED_get_soil_features","Depths: 0_5cm, 5_15cm, 15_30cm, 30_60cm, 60_100cm, 100_200cm. Hyphens are cleaned to underscores in output column names. Units/scaling should be audited before hydraulic derivations."
"Daily_Temp_Fluctuation","Level 2 daily derived","base_daily_derived","Daily temperature range calculated as T2M_MAX - T2M_MIN.","degree C","T2M_MAX, T2M_MIN","same-day only","UFEED_add_daily_temp_fluctuation",""
"ALLSKY_SFC_SW_DWN_y2d","Level 2 cumulative","cumsum_features","Season-to-date cumulative sum of ALLSKY_SFC_SW_DWN.","sum of source daily unit","ALLSKY_SFC_SW_DWN","backward-looking/current season",".UFEED_compute_cumsum_features","Present profile defaults include ALLSKY_SFC_SW_DWN and PRECTOTCORR only."
"ALLSKY_SFC_SW_DWN_dormant2d","Level 2 cumulative","cumsum_features","Dormant-season-to-date cumulative sum of ALLSKY_SFC_SW_DWN, capped after April 30.","sum of source daily unit","ALLSKY_SFC_SW_DWN","backward-looking/current dormant season",".UFEED_compute_cumsum_features","Southern Hemisphere dates are shifted internally by 183 days, then mapped back."
"ALLSKY_SFC_LW_DWN_y2d","Level 2 cumulative","cumsum_features","Season-to-date cumulative sum of ALLSKY_SFC_LW_DWN.","sum of source daily unit","ALLSKY_SFC_LW_DWN","backward-looking/current season",".UFEED_compute_cumsum_features","Present profile defaults include ALLSKY_SFC_SW_DWN and PRECTOTCORR only."
"ALLSKY_SFC_LW_DWN_dormant2d","Level 2 cumulative","cumsum_features","Dormant-season-to-date cumulative sum of ALLSKY_SFC_LW_DWN, capped after April 30.","sum of source daily unit","ALLSKY_SFC_LW_DWN","backward-looking/current dormant season",".UFEED_compute_cumsum_features","Southern Hemisphere dates are shifted internally by 183 days, then mapped back."
"ALLSKY_SFC_PAR_TOT_y2d","Level 2 cumulative","cumsum_features","Season-to-date cumulative sum of ALLSKY_SFC_PAR_TOT.","sum of source daily unit","ALLSKY_SFC_PAR_TOT","backward-looking/current season",".UFEED_compute_cumsum_features","Present profile defaults include ALLSKY_SFC_SW_DWN and PRECTOTCORR only."
"ALLSKY_SFC_PAR_TOT_dormant2d","Level 2 cumulative","cumsum_features","Dormant-season-to-date cumulative sum of ALLSKY_SFC_PAR_TOT, capped after April 30.","sum of source daily unit","ALLSKY_SFC_PAR_TOT","backward-looking/current dormant season",".UFEED_compute_cumsum_features","Southern Hemisphere dates are shifted internally by 183 days, then mapped back."
"PRECTOTCORR_y2d","Level 2 cumulative","cumsum_features","Season-to-date cumulative sum of PRECTOTCORR.","sum of source daily unit","PRECTOTCORR","backward-looking/current season",".UFEED_compute_cumsum_features","Present profile defaults include ALLSKY_SFC_SW_DWN and PRECTOTCORR only."
"PRECTOTCORR_dormant2d","Level 2 cumulative","cumsum_features","Dormant-season-to-date cumulative sum of PRECTOTCORR, capped after April 30.","sum of source daily unit","PRECTOTCORR","backward-looking/current dormant season",".UFEED_compute_cumsum_features","Southern Hemisphere dates are shifted internally by 183 days, then mapped back."
"T2M_EWMA_<window>","Level 2 rolling weighted","EWMA_REWMA_features","Backward-looking exponentially weighted moving average of T2M; newest/current day has largest weight.","same as source variable","T2M","backward-looking",".UFEED_compute_EWMA_REWMA_features","Default windows: 2,3,4,5,6,7,10,14,21,30,45,60,90 days; full window required by default. Present profile excludes ALLSKY_SFC_LW_DWN, ALLSKY_SFC_PAR_TOT, CLOUD_AMT."
"T2M_REWMA_<window>","Level 2 rolling weighted","EWMA_REWMA_features","Backward-looking reverse exponentially weighted moving average of T2M; oldest day in the window has largest weight.","same as source variable","T2M","backward-looking",".UFEED_compute_EWMA_REWMA_features","Default windows: 2,3,4,5,6,7,10,14,21,30,45,60,90 days; full window required by default."
"T2M_MAX_EWMA_<window>","Level 2 rolling weighted","EWMA_REWMA_features","Backward-looking exponentially weighted moving average of T2M_MAX; newest/current day has largest weight.","same as source variable","T2M_MAX","backward-looking",".UFEED_compute_EWMA_REWMA_features","Default windows: 2,3,4,5,6,7,10,14,21,30,45,60,90 days; full window required by default. Present profile excludes ALLSKY_SFC_LW_DWN, ALLSKY_SFC_PAR_TOT, CLOUD_AMT."
"T2M_MAX_REWMA_<window>","Level 2 rolling weighted","EWMA_REWMA_features","Backward-looking reverse exponentially weighted moving average of T2M_MAX; oldest day in the window has largest weight.","same as source variable","T2M_MAX","backward-looking",".UFEED_compute_EWMA_REWMA_features","Default windows: 2,3,4,5,6,7,10,14,21,30,45,60,90 days; full window required by default."
"T2M_MIN_EWMA_<window>","Level 2 rolling weighted","EWMA_REWMA_features","Backward-looking exponentially weighted moving average of T2M_MIN; newest/current day has largest weight.","same as source variable","T2M_MIN","backward-looking",".UFEED_compute_EWMA_REWMA_features","Default windows: 2,3,4,5,6,7,10,14,21,30,45,60,90 days; full window required by default. Present profile excludes ALLSKY_SFC_LW_DWN, ALLSKY_SFC_PAR_TOT, CLOUD_AMT."
"T2M_MIN_REWMA_<window>","Level 2 rolling weighted","EWMA_REWMA_features","Backward-looking reverse exponentially weighted moving average of T2M_MIN; oldest day in the window has largest weight.","same as source variable","T2M_MIN","backward-looking",".UFEED_compute_EWMA_REWMA_features","Default windows: 2,3,4,5,6,7,10,14,21,30,45,60,90 days; full window required by default."
"T2MDEW_EWMA_<window>","Level 2 rolling weighted","EWMA_REWMA_features","Backward-looking exponentially weighted moving average of T2MDEW; newest/current day has largest weight.","same as source variable","T2MDEW","backward-looking",".UFEED_compute_EWMA_REWMA_features","Default windows: 2,3,4,5,6,7,10,14,21,30,45,60,90 days; full window required by default. Present profile excludes ALLSKY_SFC_LW_DWN, ALLSKY_SFC_PAR_TOT, CLOUD_AMT."
"T2MDEW_REWMA_<window>","Level 2 rolling weighted","EWMA_REWMA_features","Backward-looking reverse exponentially weighted moving average of T2MDEW; oldest day in the window has largest weight.","same as source variable","T2MDEW","backward-looking",".UFEED_compute_EWMA_REWMA_features","Default windows: 2,3,4,5,6,7,10,14,21,30,45,60,90 days; full window required by default."
"Daily_Temp_Fluctuation_EWMA_<window>","Level 2 rolling weighted","EWMA_REWMA_features","Backward-looking exponentially weighted moving average of Daily_Temp_Fluctuation; newest/current day has largest weight.","same as source variable","Daily_Temp_Fluctuation","backward-looking",".UFEED_compute_EWMA_REWMA_features","Default windows: 2,3,4,5,6,7,10,14,21,30,45,60,90 days; full window required by default. Present profile excludes ALLSKY_SFC_LW_DWN, ALLSKY_SFC_PAR_TOT, CLOUD_AMT."
"Daily_Temp_Fluctuation_REWMA_<window>","Level 2 rolling weighted","EWMA_REWMA_features","Backward-looking reverse exponentially weighted moving average of Daily_Temp_Fluctuation; oldest day in the window has largest weight.","same as source variable","Daily_Temp_Fluctuation","backward-looking",".UFEED_compute_EWMA_REWMA_features","Default windows: 2,3,4,5,6,7,10,14,21,30,45,60,90 days; full window required by default."
"ALLSKY_SFC_SW_DWN_EWMA_<window>","Level 2 rolling weighted","EWMA_REWMA_features","Backward-looking exponentially weighted moving average of ALLSKY_SFC_SW_DWN; newest/current day has largest weight.","same as source variable","ALLSKY_SFC_SW_DWN","backward-looking",".UFEED_compute_EWMA_REWMA_features","Default windows: 2,3,4,5,6,7,10,14,21,30,45,60,90 days; full window required by default. Present profile excludes ALLSKY_SFC_LW_DWN, ALLSKY_SFC_PAR_TOT, CLOUD_AMT."
"ALLSKY_SFC_SW_DWN_REWMA_<window>","Level 2 rolling weighted","EWMA_REWMA_features","Backward-looking reverse exponentially weighted moving average of ALLSKY_SFC_SW_DWN; oldest day in the window has largest weight.","same as source variable","ALLSKY_SFC_SW_DWN","backward-looking",".UFEED_compute_EWMA_REWMA_features","Default windows: 2,3,4,5,6,7,10,14,21,30,45,60,90 days; full window required by default."
"ALLSKY_SFC_LW_DWN_EWMA_<window>","Level 2 rolling weighted","EWMA_REWMA_features","Backward-looking exponentially weighted moving average of ALLSKY_SFC_LW_DWN; newest/current day has largest weight.","same as source variable","ALLSKY_SFC_LW_DWN","backward-looking",".UFEED_compute_EWMA_REWMA_features","Default windows: 2,3,4,5,6,7,10,14,21,30,45,60,90 days; full window required by default. Present profile excludes ALLSKY_SFC_LW_DWN, ALLSKY_SFC_PAR_TOT, CLOUD_AMT."
"ALLSKY_SFC_LW_DWN_REWMA_<window>","Level 2 rolling weighted","EWMA_REWMA_features","Backward-looking reverse exponentially weighted moving average of ALLSKY_SFC_LW_DWN; oldest day in the window has largest weight.","same as source variable","ALLSKY_SFC_LW_DWN","backward-looking",".UFEED_compute_EWMA_REWMA_features","Default windows: 2,3,4,5,6,7,10,14,21,30,45,60,90 days; full window required by default."
"ALLSKY_SFC_PAR_TOT_EWMA_<window>","Level 2 rolling weighted","EWMA_REWMA_features","Backward-looking exponentially weighted moving average of ALLSKY_SFC_PAR_TOT; newest/current day has largest weight.","same as source variable","ALLSKY_SFC_PAR_TOT","backward-looking",".UFEED_compute_EWMA_REWMA_features","Default windows: 2,3,4,5,6,7,10,14,21,30,45,60,90 days; full window required by default. Present profile excludes ALLSKY_SFC_LW_DWN, ALLSKY_SFC_PAR_TOT, CLOUD_AMT."
"ALLSKY_SFC_PAR_TOT_REWMA_<window>","Level 2 rolling weighted","EWMA_REWMA_features","Backward-looking reverse exponentially weighted moving average of ALLSKY_SFC_PAR_TOT; oldest day in the window has largest weight.","same as source variable","ALLSKY_SFC_PAR_TOT","backward-looking",".UFEED_compute_EWMA_REWMA_features","Default windows: 2,3,4,5,6,7,10,14,21,30,45,60,90 days; full window required by default."
"PRECTOTCORR_EWMA_<window>","Level 2 rolling weighted","EWMA_REWMA_features","Backward-looking exponentially weighted moving average of PRECTOTCORR; newest/current day has largest weight.","same as source variable","PRECTOTCORR","backward-looking",".UFEED_compute_EWMA_REWMA_features","Default windows: 2,3,4,5,6,7,10,14,21,30,45,60,90 days; full window required by default. Present profile excludes ALLSKY_SFC_LW_DWN, ALLSKY_SFC_PAR_TOT, CLOUD_AMT."
"PRECTOTCORR_REWMA_<window>","Level 2 rolling weighted","EWMA_REWMA_features","Backward-looking reverse exponentially weighted moving average of PRECTOTCORR; oldest day in the window has largest weight.","same as source variable","PRECTOTCORR","backward-looking",".UFEED_compute_EWMA_REWMA_features","Default windows: 2,3,4,5,6,7,10,14,21,30,45,60,90 days; full window required by default."
"RH2M_EWMA_<window>","Level 2 rolling weighted","EWMA_REWMA_features","Backward-looking exponentially weighted moving average of RH2M; newest/current day has largest weight.","same as source variable","RH2M","backward-looking",".UFEED_compute_EWMA_REWMA_features","Default windows: 2,3,4,5,6,7,10,14,21,30,45,60,90 days; full window required by default. Present profile excludes ALLSKY_SFC_LW_DWN, ALLSKY_SFC_PAR_TOT, CLOUD_AMT."
"RH2M_REWMA_<window>","Level 2 rolling weighted","EWMA_REWMA_features","Backward-looking reverse exponentially weighted moving average of RH2M; oldest day in the window has largest weight.","same as source variable","RH2M","backward-looking",".UFEED_compute_EWMA_REWMA_features","Default windows: 2,3,4,5,6,7,10,14,21,30,45,60,90 days; full window required by default."
"WS2M_EWMA_<window>","Level 2 rolling weighted","EWMA_REWMA_features","Backward-looking exponentially weighted moving average of WS2M; newest/current day has largest weight.","same as source variable","WS2M","backward-looking",".UFEED_compute_EWMA_REWMA_features","Default windows: 2,3,4,5,6,7,10,14,21,30,45,60,90 days; full window required by default. Present profile excludes ALLSKY_SFC_LW_DWN, ALLSKY_SFC_PAR_TOT, CLOUD_AMT."
"WS2M_REWMA_<window>","Level 2 rolling weighted","EWMA_REWMA_features","Backward-looking reverse exponentially weighted moving average of WS2M; oldest day in the window has largest weight.","same as source variable","WS2M","backward-looking",".UFEED_compute_EWMA_REWMA_features","Default windows: 2,3,4,5,6,7,10,14,21,30,45,60,90 days; full window required by default."
"WD2M_EWMA_<window>","Level 2 rolling weighted","EWMA_REWMA_features","Backward-looking exponentially weighted moving average of WD2M; newest/current day has largest weight.","same as source variable","WD2M","backward-looking",".UFEED_compute_EWMA_REWMA_features","Default windows: 2,3,4,5,6,7,10,14,21,30,45,60,90 days; full window required by default. Present profile excludes ALLSKY_SFC_LW_DWN, ALLSKY_SFC_PAR_TOT, CLOUD_AMT."
"WD2M_REWMA_<window>","Level 2 rolling weighted","EWMA_REWMA_features","Backward-looking reverse exponentially weighted moving average of WD2M; oldest day in the window has largest weight.","same as source variable","WD2M","backward-looking",".UFEED_compute_EWMA_REWMA_features","Default windows: 2,3,4,5,6,7,10,14,21,30,45,60,90 days; full window required by default."
"WS2M_MAX_EWMA_<window>","Level 2 rolling weighted","EWMA_REWMA_features","Backward-looking exponentially weighted moving average of WS2M_MAX; newest/current day has largest weight.","same as source variable","WS2M_MAX","backward-looking",".UFEED_compute_EWMA_REWMA_features","Default windows: 2,3,4,5,6,7,10,14,21,30,45,60,90 days; full window required by default. Present profile excludes ALLSKY_SFC_LW_DWN, ALLSKY_SFC_PAR_TOT, CLOUD_AMT."
"WS2M_MAX_REWMA_<window>","Level 2 rolling weighted","EWMA_REWMA_features","Backward-looking reverse exponentially weighted moving average of WS2M_MAX; oldest day in the window has largest weight.","same as source variable","WS2M_MAX","backward-looking",".UFEED_compute_EWMA_REWMA_features","Default windows: 2,3,4,5,6,7,10,14,21,30,45,60,90 days; full window required by default."
"WS2M_MIN_EWMA_<window>","Level 2 rolling weighted","EWMA_REWMA_features","Backward-looking exponentially weighted moving average of WS2M_MIN; newest/current day has largest weight.","same as source variable","WS2M_MIN","backward-looking",".UFEED_compute_EWMA_REWMA_features","Default windows: 2,3,4,5,6,7,10,14,21,30,45,60,90 days; full window required by default. Present profile excludes ALLSKY_SFC_LW_DWN, ALLSKY_SFC_PAR_TOT, CLOUD_AMT."
"WS2M_MIN_REWMA_<window>","Level 2 rolling weighted","EWMA_REWMA_features","Backward-looking reverse exponentially weighted moving average of WS2M_MIN; oldest day in the window has largest weight.","same as source variable","WS2M_MIN","backward-looking",".UFEED_compute_EWMA_REWMA_features","Default windows: 2,3,4,5,6,7,10,14,21,30,45,60,90 days; full window required by default."
"PS_EWMA_<window>","Level 2 rolling weighted","EWMA_REWMA_features","Backward-looking exponentially weighted moving average of PS; newest/current day has largest weight.","same as source variable","PS","backward-looking",".UFEED_compute_EWMA_REWMA_features","Default windows: 2,3,4,5,6,7,10,14,21,30,45,60,90 days; full window required by default. Present profile excludes ALLSKY_SFC_LW_DWN, ALLSKY_SFC_PAR_TOT, CLOUD_AMT."
"PS_REWMA_<window>","Level 2 rolling weighted","EWMA_REWMA_features","Backward-looking reverse exponentially weighted moving average of PS; oldest day in the window has largest weight.","same as source variable","PS","backward-looking",".UFEED_compute_EWMA_REWMA_features","Default windows: 2,3,4,5,6,7,10,14,21,30,45,60,90 days; full window required by default."
"GWETROOT_EWMA_<window>","Level 2 rolling weighted","EWMA_REWMA_features","Backward-looking exponentially weighted moving average of GWETROOT; newest/current day has largest weight.","same as source variable","GWETROOT","backward-looking",".UFEED_compute_EWMA_REWMA_features","Default windows: 2,3,4,5,6,7,10,14,21,30,45,60,90 days; full window required by default. Present profile excludes ALLSKY_SFC_LW_DWN, ALLSKY_SFC_PAR_TOT, CLOUD_AMT."
"GWETROOT_REWMA_<window>","Level 2 rolling weighted","EWMA_REWMA_features","Backward-looking reverse exponentially weighted moving average of GWETROOT; oldest day in the window has largest weight.","same as source variable","GWETROOT","backward-looking",".UFEED_compute_EWMA_REWMA_features","Default windows: 2,3,4,5,6,7,10,14,21,30,45,60,90 days; full window required by default."
"GWETTOP_EWMA_<window>","Level 2 rolling weighted","EWMA_REWMA_features","Backward-looking exponentially weighted moving average of GWETTOP; newest/current day has largest weight.","same as source variable","GWETTOP","backward-looking",".UFEED_compute_EWMA_REWMA_features","Default windows: 2,3,4,5,6,7,10,14,21,30,45,60,90 days; full window required by default. Present profile excludes ALLSKY_SFC_LW_DWN, ALLSKY_SFC_PAR_TOT, CLOUD_AMT."
"GWETTOP_REWMA_<window>","Level 2 rolling weighted","EWMA_REWMA_features","Backward-looking reverse exponentially weighted moving average of GWETTOP; oldest day in the window has largest weight.","same as source variable","GWETTOP","backward-looking",".UFEED_compute_EWMA_REWMA_features","Default windows: 2,3,4,5,6,7,10,14,21,30,45,60,90 days; full window required by default."
"TSOIL1_EWMA_<window>","Level 2 rolling weighted","EWMA_REWMA_features","Backward-looking exponentially weighted moving average of TSOIL1; newest/current day has largest weight.","same as source variable","TSOIL1","backward-looking",".UFEED_compute_EWMA_REWMA_features","Default windows: 2,3,4,5,6,7,10,14,21,30,45,60,90 days; full window required by default. Present profile excludes ALLSKY_SFC_LW_DWN, ALLSKY_SFC_PAR_TOT, CLOUD_AMT."
"TSOIL1_REWMA_<window>","Level 2 rolling weighted","EWMA_REWMA_features","Backward-looking reverse exponentially weighted moving average of TSOIL1; oldest day in the window has largest weight.","same as source variable","TSOIL1","backward-looking",".UFEED_compute_EWMA_REWMA_features","Default windows: 2,3,4,5,6,7,10,14,21,30,45,60,90 days; full window required by default."
"TSOIL3_EWMA_<window>","Level 2 rolling weighted","EWMA_REWMA_features","Backward-looking exponentially weighted moving average of TSOIL3; newest/current day has largest weight.","same as source variable","TSOIL3","backward-looking",".UFEED_compute_EWMA_REWMA_features","Default windows: 2,3,4,5,6,7,10,14,21,30,45,60,90 days; full window required by default. Present profile excludes ALLSKY_SFC_LW_DWN, ALLSKY_SFC_PAR_TOT, CLOUD_AMT."
"TSOIL3_REWMA_<window>","Level 2 rolling weighted","EWMA_REWMA_features","Backward-looking reverse exponentially weighted moving average of TSOIL3; oldest day in the window has largest weight.","same as source variable","TSOIL3","backward-looking",".UFEED_compute_EWMA_REWMA_features","Default windows: 2,3,4,5,6,7,10,14,21,30,45,60,90 days; full window required by default."
"EVPTRNS_EWMA_<window>","Level 2 rolling weighted","EWMA_REWMA_features","Backward-looking exponentially weighted moving average of EVPTRNS; newest/current day has largest weight.","same as source variable","EVPTRNS","backward-looking",".UFEED_compute_EWMA_REWMA_features","Default windows: 2,3,4,5,6,7,10,14,21,30,45,60,90 days; full window required by default. Present profile excludes ALLSKY_SFC_LW_DWN, ALLSKY_SFC_PAR_TOT, CLOUD_AMT."
"EVPTRNS_REWMA_<window>","Level 2 rolling weighted","EWMA_REWMA_features","Backward-looking reverse exponentially weighted moving average of EVPTRNS; oldest day in the window has largest weight.","same as source variable","EVPTRNS","backward-looking",".UFEED_compute_EWMA_REWMA_features","Default windows: 2,3,4,5,6,7,10,14,21,30,45,60,90 days; full window required by default."
"CLOUD_AMT_EWMA_<window>","Level 2 rolling weighted","EWMA_REWMA_features","Backward-looking exponentially weighted moving average of CLOUD_AMT; newest/current day has largest weight.","same as source variable","CLOUD_AMT","backward-looking",".UFEED_compute_EWMA_REWMA_features","Default windows: 2,3,4,5,6,7,10,14,21,30,45,60,90 days; full window required by default. Present profile excludes ALLSKY_SFC_LW_DWN, ALLSKY_SFC_PAR_TOT, CLOUD_AMT."
"CLOUD_AMT_REWMA_<window>","Level 2 rolling weighted","EWMA_REWMA_features","Backward-looking reverse exponentially weighted moving average of CLOUD_AMT; oldest day in the window has largest weight.","same as source variable","CLOUD_AMT","backward-looking",".UFEED_compute_EWMA_REWMA_features","Default windows: 2,3,4,5,6,7,10,14,21,30,45,60,90 days; full window required by default."
"CU","Level 2 cumulative temperature daily","cumulative_temp_features","Daily chilling units from the CU chilling model after hourly temperature reconstruction.","model units day-1","T2M_MAX, T2M_MIN","same-day reconstructed hourly temperatures",".UFEED_compute_cumulative_temp_features",""
"CU_<window>days","Level 2 rolling sum","cumulative_temp_features","Backward-looking rolling sum of daily CU chilling units.","model units over window","CU","backward-looking",".UFEED_compute_cumulative_temp_features","Default windows: 3,7,14,30,60,90 days."
"CU_dormant2d","Level 2 cumulative","cumulative_temp_features","Dormant-season-to-date cumulative CU chilling units, capped after April 30.","model units","CU","backward-looking/current dormant season",".UFEED_compute_cumulative_temp_features",""
"Utah","Level 2 cumulative temperature daily","cumulative_temp_features","Daily chilling units from the Utah chilling model after hourly temperature reconstruction.","model units day-1","T2M_MAX, T2M_MIN","same-day reconstructed hourly temperatures",".UFEED_compute_cumulative_temp_features",""
"Utah_<window>days","Level 2 rolling sum","cumulative_temp_features","Backward-looking rolling sum of daily Utah chilling units.","model units over window","Utah","backward-looking",".UFEED_compute_cumulative_temp_features","Default windows: 3,7,14,30,60,90 days."
"Utah_dormant2d","Level 2 cumulative","cumulative_temp_features","Dormant-season-to-date cumulative Utah chilling units, capped after April 30.","model units","Utah","backward-looking/current dormant season",".UFEED_compute_cumulative_temp_features",""
"NC","Level 2 cumulative temperature daily","cumulative_temp_features","Daily chilling units from the NC chilling model after hourly temperature reconstruction.","model units day-1","T2M_MAX, T2M_MIN","same-day reconstructed hourly temperatures",".UFEED_compute_cumulative_temp_features",""
"NC_<window>days","Level 2 rolling sum","cumulative_temp_features","Backward-looking rolling sum of daily NC chilling units.","model units over window","NC","backward-looking",".UFEED_compute_cumulative_temp_features","Default windows: 3,7,14,30,60,90 days."
"NC_dormant2d","Level 2 cumulative","cumulative_temp_features","Dormant-season-to-date cumulative NC chilling units, capped after April 30.","model units","NC","backward-looking/current dormant season",".UFEED_compute_cumulative_temp_features",""
"DP","Level 2 cumulative temperature daily","cumulative_temp_features","Daily chilling units from the DP chilling model after hourly temperature reconstruction.","model units day-1","T2M_MAX, T2M_MIN","same-day reconstructed hourly temperatures",".UFEED_compute_cumulative_temp_features",""
"DP_<window>days","Level 2 rolling sum","cumulative_temp_features","Backward-looking rolling sum of daily DP chilling units.","model units over window","DP","backward-looking",".UFEED_compute_cumulative_temp_features","Default windows: 3,7,14,30,60,90 days."
"DP_dormant2d","Level 2 cumulative","cumulative_temp_features","Dormant-season-to-date cumulative DP chilling units, capped after April 30.","model units","DP","backward-looking/current dormant season",".UFEED_compute_cumulative_temp_features",""
"GDD_0","Level 2 cumulative temperature daily","cumulative_temp_features","Daily growing degree days with base temperature 0 C.","degree days","T2M_MAX, T2M_MIN","same-day reconstructed hourly temperatures",".UFEED_compute_cumulative_temp_features",""
"GDD_0_<window>days","Level 2 rolling sum","cumulative_temp_features","Backward-looking rolling sum of GDD_0.","degree days over window","GDD_0","backward-looking",".UFEED_compute_cumulative_temp_features","Default windows: 3,7,14,30,60,90 days."
"GDD_0_y2d","Level 2 cumulative","cumulative_temp_features","Growth-season-to-date cumulative GDD_0.","degree days","GDD_0","backward-looking/current growth season",".UFEED_compute_cumulative_temp_features",""
"GDD_4","Level 2 cumulative temperature daily","cumulative_temp_features","Daily growing degree days with base temperature 4 C.","degree days","T2M_MAX, T2M_MIN","same-day reconstructed hourly temperatures",".UFEED_compute_cumulative_temp_features",""
"GDD_4_<window>days","Level 2 rolling sum","cumulative_temp_features","Backward-looking rolling sum of GDD_4.","degree days over window","GDD_4","backward-looking",".UFEED_compute_cumulative_temp_features","Default windows: 3,7,14,30,60,90 days."
"GDD_4_y2d","Level 2 cumulative","cumulative_temp_features","Growth-season-to-date cumulative GDD_4.","degree days","GDD_4","backward-looking/current growth season",".UFEED_compute_cumulative_temp_features",""
"GDD_7","Level 2 cumulative temperature daily","cumulative_temp_features","Daily growing degree days with base temperature 7 C.","degree days","T2M_MAX, T2M_MIN","same-day reconstructed hourly temperatures",".UFEED_compute_cumulative_temp_features",""
"GDD_7_<window>days","Level 2 rolling sum","cumulative_temp_features","Backward-looking rolling sum of GDD_7.","degree days over window","GDD_7","backward-looking",".UFEED_compute_cumulative_temp_features","Default windows: 3,7,14,30,60,90 days."
"GDD_7_y2d","Level 2 cumulative","cumulative_temp_features","Growth-season-to-date cumulative GDD_7.","degree days","GDD_7","backward-looking/current growth season",".UFEED_compute_cumulative_temp_features",""
"GDD_10","Level 2 cumulative temperature daily","cumulative_temp_features","Daily growing degree days with base temperature 10 C.","degree days","T2M_MAX, T2M_MIN","same-day reconstructed hourly temperatures",".UFEED_compute_cumulative_temp_features",""
"GDD_10_<window>days","Level 2 rolling sum","cumulative_temp_features","Backward-looking rolling sum of GDD_10.","degree days over window","GDD_10","backward-looking",".UFEED_compute_cumulative_temp_features","Default windows: 3,7,14,30,60,90 days."
"GDD_10_y2d","Level 2 cumulative","cumulative_temp_features","Growth-season-to-date cumulative GDD_10.","degree days","GDD_10","backward-looking/current growth season",".UFEED_compute_cumulative_temp_features",""
"GDH_10","Level 2 cumulative temperature daily","cumulative_temp_features","Daily growing degree hours with base temperature 10 C, Topt 25 C and Tcrit 36 C by default.","degree hours","T2M_MAX, T2M_MIN","same-day reconstructed hourly temperatures",".UFEED_compute_cumulative_temp_features",""
"GDH_10_<window>days","Level 2 rolling sum","cumulative_temp_features","Backward-looking rolling sum of GDH_10.","degree hours over window","GDH_10","backward-looking",".UFEED_compute_cumulative_temp_features","Default windows: 3,7,14,30,60,90 days."
"GDH_10_y2d","Level 2 cumulative","cumulative_temp_features","Growth-season-to-date cumulative GDH_10.","degree hours","GDH_10","backward-looking/current growth season",".UFEED_compute_cumulative_temp_features",""
"GDH_7","Level 2 cumulative temperature daily","cumulative_temp_features","Daily growing degree hours with base temperature 7 C, Topt 25 C and Tcrit 36 C by default.","degree hours","T2M_MAX, T2M_MIN","same-day reconstructed hourly temperatures",".UFEED_compute_cumulative_temp_features",""
"GDH_7_<window>days","Level 2 rolling sum","cumulative_temp_features","Backward-looking rolling sum of GDH_7.","degree hours over window","GDH_7","backward-looking",".UFEED_compute_cumulative_temp_features","Default windows: 3,7,14,30,60,90 days."
"GDH_7_y2d","Level 2 cumulative","cumulative_temp_features","Growth-season-to-date cumulative GDH_7.","degree hours","GDH_7","backward-looking/current growth season",".UFEED_compute_cumulative_temp_features",""
"GDH_4","Level 2 cumulative temperature daily","cumulative_temp_features","Daily growing degree hours with base temperature 4 C, Topt 25 C and Tcrit 36 C by default.","degree hours","T2M_MAX, T2M_MIN","same-day reconstructed hourly temperatures",".UFEED_compute_cumulative_temp_features",""
"GDH_4_<window>days","Level 2 rolling sum","cumulative_temp_features","Backward-looking rolling sum of GDH_4.","degree hours over window","GDH_4","backward-looking",".UFEED_compute_cumulative_temp_features","Default windows: 3,7,14,30,60,90 days."
"GDH_4_y2d","Level 2 cumulative","cumulative_temp_features","Growth-season-to-date cumulative GDH_4.","degree hours","GDH_4","backward-looking/current growth season",".UFEED_compute_cumulative_temp_features",""
"GDH_0","Level 2 cumulative temperature daily","cumulative_temp_features","Daily growing degree hours with base temperature 0 C, Topt 25 C and Tcrit 36 C by default.","degree hours","T2M_MAX, T2M_MIN","same-day reconstructed hourly temperatures",".UFEED_compute_cumulative_temp_features",""
"GDH_0_<window>days","Level 2 rolling sum","cumulative_temp_features","Backward-looking rolling sum of GDH_0.","degree hours over window","GDH_0","backward-looking",".UFEED_compute_cumulative_temp_features","Default windows: 3,7,14,30,60,90 days."
"GDH_0_y2d","Level 2 cumulative","cumulative_temp_features","Growth-season-to-date cumulative GDH_0.","degree hours","GDH_0","backward-looking/current growth season",".UFEED_compute_cumulative_temp_features",""
"T2M_MAX_<EWMA_or_REWMA>_<window>_season_max","Level 2 seasonal summary","season_summary_features","Season-to-date maximum of EWMA/REWMA features derived from T2M_MAX.","same as source variable","T2M_MAX_EWMA_<window> or T2M_MAX_REWMA_<window>","backward-looking/current season",".UFEED_compute_season_summary_features",""
"Daily_Temp_Fluctuation_<EWMA_or_REWMA>_<window>_season_max","Level 2 seasonal summary","season_summary_features","Season-to-date maximum of EWMA/REWMA features derived from Daily_Temp_Fluctuation.","same as source variable","Daily_Temp_Fluctuation_EWMA_<window> or Daily_Temp_Fluctuation_REWMA_<window>","backward-looking/current season",".UFEED_compute_season_summary_features",""
"WS2M_MAX_<EWMA_or_REWMA>_<window>_season_max","Level 2 seasonal summary","season_summary_features","Season-to-date maximum of EWMA/REWMA features derived from WS2M_MAX.","same as source variable","WS2M_MAX_EWMA_<window> or WS2M_MAX_REWMA_<window>","backward-looking/current season",".UFEED_compute_season_summary_features",""
"GWETROOT_<EWMA_or_REWMA>_<window>_season_max","Level 2 seasonal summary","season_summary_features","Season-to-date maximum of EWMA/REWMA features derived from GWETROOT.","same as source variable","GWETROOT_EWMA_<window> or GWETROOT_REWMA_<window>","backward-looking/current season",".UFEED_compute_season_summary_features",""
"GWETTOP_<EWMA_or_REWMA>_<window>_season_max","Level 2 seasonal summary","season_summary_features","Season-to-date maximum of EWMA/REWMA features derived from GWETTOP.","same as source variable","GWETTOP_EWMA_<window> or GWETTOP_REWMA_<window>","backward-looking/current season",".UFEED_compute_season_summary_features",""
"TSOIL1_<EWMA_or_REWMA>_<window>_season_max","Level 2 seasonal summary","season_summary_features","Season-to-date maximum of EWMA/REWMA features derived from TSOIL1.","same as source variable","TSOIL1_EWMA_<window> or TSOIL1_REWMA_<window>","backward-looking/current season",".UFEED_compute_season_summary_features",""
"TSOIL3_<EWMA_or_REWMA>_<window>_season_max","Level 2 seasonal summary","season_summary_features","Season-to-date maximum of EWMA/REWMA features derived from TSOIL3.","same as source variable","TSOIL3_EWMA_<window> or TSOIL3_REWMA_<window>","backward-looking/current season",".UFEED_compute_season_summary_features",""
"EVPTRNS_<EWMA_or_REWMA>_<window>_season_max","Level 2 seasonal summary","season_summary_features","Season-to-date maximum of EWMA/REWMA features derived from EVPTRNS.","same as source variable","EVPTRNS_EWMA_<window> or EVPTRNS_REWMA_<window>","backward-looking/current season",".UFEED_compute_season_summary_features",""
"T2M_MIN_<EWMA_or_REWMA>_<window>_season_min","Level 2 seasonal summary","season_summary_features","Season-to-date minimum of EWMA/REWMA features derived from T2M_MIN.","same as source variable","T2M_MIN_EWMA_<window> or T2M_MIN_REWMA_<window>","backward-looking/current season",".UFEED_compute_season_summary_features",""
"Daily_Temp_Fluctuation_<EWMA_or_REWMA>_<window>_season_min","Level 2 seasonal summary","season_summary_features","Season-to-date minimum of EWMA/REWMA features derived from Daily_Temp_Fluctuation.","same as source variable","Daily_Temp_Fluctuation_EWMA_<window> or Daily_Temp_Fluctuation_REWMA_<window>","backward-looking/current season",".UFEED_compute_season_summary_features",""
"GWETROOT_<EWMA_or_REWMA>_<window>_season_min","Level 2 seasonal summary","season_summary_features","Season-to-date minimum of EWMA/REWMA features derived from GWETROOT.","same as source variable","GWETROOT_EWMA_<window> or GWETROOT_REWMA_<window>","backward-looking/current season",".UFEED_compute_season_summary_features",""
"GWETTOP_<EWMA_or_REWMA>_<window>_season_min","Level 2 seasonal summary","season_summary_features","Season-to-date minimum of EWMA/REWMA features derived from GWETTOP.","same as source variable","GWETTOP_EWMA_<window> or GWETTOP_REWMA_<window>","backward-looking/current season",".UFEED_compute_season_summary_features",""
"TSOIL1_<EWMA_or_REWMA>_<window>_season_min","Level 2 seasonal summary","season_summary_features","Season-to-date minimum of EWMA/REWMA features derived from TSOIL1.","same as source variable","TSOIL1_EWMA_<window> or TSOIL1_REWMA_<window>","backward-looking/current season",".UFEED_compute_season_summary_features",""
"TSOIL3_<EWMA_or_REWMA>_<window>_season_min","Level 2 seasonal summary","season_summary_features","Season-to-date minimum of EWMA/REWMA features derived from TSOIL3.","same as source variable","TSOIL3_EWMA_<window> or TSOIL3_REWMA_<window>","backward-looking/current season",".UFEED_compute_season_summary_features",""
"EVPTRNS_<EWMA_or_REWMA>_<window>_season_min","Level 2 seasonal summary","season_summary_features","Season-to-date minimum of EWMA/REWMA features derived from EVPTRNS.","same as source variable","EVPTRNS_EWMA_<window> or EVPTRNS_REWMA_<window>","backward-looking/current season",".UFEED_compute_season_summary_features",""
